barcode	fishctrl3_s3_rep1	fishctrl3_s3_rep2	fishctrl3_s3_rep3	fishctrl3_s5_rep1	fishctrl3_s5_rep2	fishctrl3_s5_rep3	fishctrl3_s6_rep1	fishctrl3_s6_rep2	fishctrl3_s6_rep3	fishctrl3_s7_rep1	fishctrl3_s7_rep2	fishctrl3_s7_rep3	fishctrl3_s8_rep1	fishctrl3_s8_rep2	fishctrl3_s8_rep3	fishctrl3_s9_rep1	fishctrl3_s9_rep2	fishctrl3_s9_rep3	fishctrl3_s10_rep1	fishctrl3_s10_rep2	fishctrl3_s10_rep3
NONE_NONE_NONE_NONE_NONE_NONE_NONE_NONE_NONE_NONE	36707.0	80882.0	81572.0	21206.0	20767.0	20444.0	65932.0	61682.0	77287.0	60974.0	110947.0	124126.0	38664.0	38443.0	48728.0	95728.0	78740.0	73143.0	86528.0	89510.0	71687.0
NONE_NONE_NONE_NONE_66D+133_66D+133_66D+133_NONE_1I+254+C_NONE				279.0																	
NONE_NONE_NONE_NONE_32D+136_NONE_55D+199_55D+199_55D+199_NONE				207.0	640.0																
5D+34_NONE_NONE_NONE_NONE_81D+170_81D+170_81D+170_81D+170_NONE				175.0																	
NONE_NONE_NONE_81D+119_81D+119_81D+119_81D+119_NONE_1D+254_NONE				172.0																	
8D+38_3I+61+TCA_NONE_2I+115+GA_NONE_3D+172_54D+199_54D+199_54D+199_NONE				168.0																	
NONE_NONE_NONE_NONE_NONE_1D+172_54D+199_54D+199_54D+199_NONE					406.0																
NONE_NONE_NONE_31D+105_3D+144_4I+169+CGTA&2D+174_9D+197_13D+212&1I+229+T_4D+250_NONE					236.0																
NONE_NONE_NONE_NONE_53D+146_53D+146_53D+146_NONE_3I+250+AGT_NONE					176.0																
NONE_NONE_NONE_81D+119_81D+119_81D+119_81D+119_NONE_1I+254+C_NONE					139.0																
NONE_NONE_NONE_NONE_3D+144_83D+171_83D+171_83D+171_83D+171_NONE						123.0															
3D+35_NONE_NONE_NONE_NONE_NONE_54D+199_54D+199_54D+199_NONE							1034.0														
1D+38_NONE_NONE_NONE_NONE_NONE_NONE_NONE_NONE_NONE							426.0														
8D+38_57D+60_57D+60_57D+60_NONE_3D+167_NONE_NONE_1I+254+C_NONE									411.0												
