barcode	fish1_s3_rep1	fish1_s3_rep2	fish1_s3_rep3	fish1_s4_rep1	fish1_s4_rep2	fish1_s4_rep3	fish1_s5_rep1	fish1_s5_rep2	fish1_s5_rep3	fish1_s6_rep1	fish1_s6_rep2	fish1_s6_rep3	fish1_s7_rep1	fish1_s7_rep2	fish1_s7_rep3	fish1_s8_rep1	fish1_s8_rep2	fish1_s8_rep3	fish1_s9_rep1	fish1_s9_rep3	fish1_s10_rep1	fish1_s10_rep2	fish1_s10_rep3	fish1_s11_rep1	fish1_s11_rep2	fish1_s11_rep3	fish1_s12_rep1	fish1_s12_rep2	fish1_s12_rep3
1D+38_28D+41_NONE_NONE_NONE_NONE_NONE_NONE_NONE_NONE	2434.0	5002.0	5296.0				1683.0	1175.0	474.0	1447.0	1260.0	1328.0	277.0	925.0	141.0	1515.0	1466.0	1005.0			920.0	792.0	886.0	674.0	616.0	758.0	771.0	1233.0	541.0
3D+37_76I+66+TGTCGTGCAGTCGACTCCATGACAGCAGATACTGCTGTCGACTCCATACTGCATGATATCTCTGTCGACTCCATAG_NONE_NONE_NONE_82D+172_82D+172_82D+172_82D+172_NONE	862.0	1062.0	1072.0				911.0	558.0	331.0	532.0	383.0	391.0	261.0	394.0	61.0	856.0	563.0	438.0			1004.0	871.0	834.0	1623.0	1426.0	1424.0	2031.0	1485.0	919.0
NONE_NONE_NONE_NONE_NONE_NONE_NONE_NONE_NONE_NONE	279.0	293.0	311.0	190.0	230.0	238.0	150.0	127.0	108.0										10931.0	1398.0							137.0	132.0	
12D+34_12D+60_NONE_NONE_3D+143_84D+169_84D+169_84D+169_84D+169_NONE	268.0	542.0	529.0							118.0	128.0	128.0	45.0																
1D+38_28D+41_NONE_NONE_NONE_NONE_54D+199_54D+199_54D+199_NONE	104.0	230.0	266.0	438.0	879.0	707.0	15375.0	12906.0	7163.0	14801.0	14740.0	15424.0	6324.0	10476.0	5232.0	15964.0	14388.0	9168.0	378.0	1544.0	27600.0	28351.0	24147.0	26817.0	25598.0	22572.0	12690.0	12992.0	8997.0
12D+34_12D+60_NONE_NONE_NONE_NONE_NONE_NONE_NONE_NONE	40.0	220.0	313.0																										
1D+38_28D+41_NONE_NONE_NONE_NONE_NONE_NONE_1D+253_NONE	30.0		65.0													149.0											140.0	172.0	138.0
3I+38+TAT_8D+57_3D+90_9D+115_8D+143_1D+173_NONE_NONE_1D+253_NONE	28.0	128.0	126.0							132.0																			
40D+18_NONE_NONE_2I+118+TT_1D+145_NONE_NONE_NONE_NONE_NONE		314.0	350.0																593.0										
3D+37_76I+66+TGTCGTGCAGTCGACTCCATGACAGCAGATACTGCTGTCGACTCCATACTGCATGATATCTCTGTCGACTCCATAG_NONE_NONE_3D+143_84D+169_84D+169_84D+169_84D+169_NONE		65.0	81.0																										
12D+34_12D+60_NONE_NONE_3D+143_NONE_NONE_NONE_NONE_NONE		52.0	62.0																										
3D+35_2I+67+CC_9D+90_1I+117+T&6S+109+TACTTC_1D+141&13D+144_11D+169_10D+186&8D+200_16D+227_2D+248&3I+254+TAG_NONE				637.0	545.0	422.0																							
14D+36_NONE_NONE_NONE_NONE_NONE_54D+199_54D+199_54D+199_NONE				529.0	461.0	342.0																							
3D+35_12D+60_NONE_55D+118_55D+118_55D+118_1I+199+A_NONE_2D+248_NONE				305.0	214.0	307.0																							
3D+35_12D+60_NONE_NONE_55D+146_55D+146_55D+146_NONE_2D+248_NONE				159.0	143.0	138.0																							
7D+33_NONE_NONE_NONE_NONE_NONE_76D+192_76D+192_76D+192_NONE				141.0	139.0	108.0																							
3D+37_NONE_NONE_2I+119+TC_3I+146+TGT_8D+163_NONE_NONE_2D+252_NONE				83.0		106.0																							
3D+37_16D+51_5I+91+ATGAT_NONE_1D+145_3D+169_NONE_NONE_12D+242_NONE				67.0																									
11I+38+TGGAGTATCAT_3I+65+GCG_NONE_NONE_NONE_82D+173_82D+173_82D+173_82D+173_NONE					74.0																								
7D+36_12D+60_NONE_1I+119+A&5D+121_19D+130_4S+169+CAGA_6D+195_1D+222&1I+229+T_8D+244_NONE					66.0		3837.0	2840.0	1414.0	2905.0	2659.0	2694.0	929.0	1736.0	606.0	3675.0	2588.0	1916.0		88.0	4580.0	4362.0	4453.0	4571.0	4603.0	3401.0	2757.0	3122.0	1921.0
12D+34_12D+60_NONE_NONE_NONE_NONE_54D+199_54D+199_54D+199_NONE							678.0	460.0	263.0	804.0	856.0	733.0	133.0	171.0	52.0	808.0	603.0	399.0			1368.0	2144.0	1039.0	1055.0	1100.0	1130.0	292.0	382.0	230.0
12D+34_12D+60_NONE_NONE_3D+143_NONE_54D+199_54D+199_54D+199_NONE							272.0	137.0	68.0	276.0	302.0	249.0				282.0	192.0	148.0			456.0	845.0	353.0	329.0	411.0	451.0			
12D+34_12D+60_NONE_1I+119+A&5D+121_19D+130_4S+169+CAGA_6D+195_1D+222&1I+229+T_8D+244_NONE							202.0	151.0	64.0	193.0	169.0	145.0				287.0	165.0	128.0			304.0	421.0	238.0	226.0	231.0	227.0		124.0	
87D+35_87D+35_87D+35_87D+35_NONE_NONE_NONE_NONE_NONE_NONE									89.0										670.0									326.0	
1D+38_28D+41_NONE_NONE_2D+144_NONE_54D+199_54D+199_54D+199_NONE										293.0	200.0	124.0	95.0	279.0		406.0	212.0	89.0			308.0	297.0	473.0	651.0	537.0	483.0	389.0	243.0	97.0
1D+38_28D+41_NONE_NONE_NONE_1D+173_54D+199_54D+199_54D+199_NONE										210.0	348.0	264.0									260.0			442.0	311.0	180.0	175.0		108.0
1D+38_28D+41_NONE_NONE_6D+138_NONE_54D+199_54D+199_54D+199_NONE											134.0																		
84D+34_84D+34_84D+34_84D+34_NONE_NONE_1I+199+A_NONE_NONE_NONE												176.0							352.0										
1D+38_28D+41_NONE_NONE_1D+146_NONE_54D+199_54D+199_54D+199_NONE												163.0					201.0					314.0							
1D+38_28D+41_NONE_NONE_NONE_6D+167_54D+199_54D+199_54D+199_NONE													84.0	189.0		140.0					443.0	289.0	434.0	225.0					
1D+38_28D+41_NONE_NONE_NONE_3D+172_54D+199_54D+199_54D+199_NONE													69.0		52.0						271.0		193.0						
1D+38_28D+41_NONE_NONE_NONE_2D+171_54D+199_54D+199_54D+199_NONE														174.0												271.0			
6D+32_NONE_NONE_NONE_NONE_NONE_NONE_NONE_1I+254+C_NONE														76.0															
1D+38_28D+41_NONE_NONE_1D+145_NONE_54D+199_54D+199_54D+199_NONE															43.0												127.0	203.0	
1D+38_28D+41_NONE_NONE_NONE_6D+171_54D+199_54D+199_54D+199_NONE															40.0								189.0					312.0	
84D+37_84D+37_84D+37_84D+37_2D+144_NONE_NONE_NONE_1D+253_NONE																			1872.0										
12D+34_3D+62_NONE_2D+118_NONE_NONE_54D+199_54D+199_54D+199_NONE																			743.0										
NONE_NONE_3D+90_NONE_NONE_NONE_NONE_NONE_NONE_NONE																			681.0										
54D+36_54D+36_54D+36_NONE_NONE_NONE_6D+195_NONE_NONE_NONE																			631.0										
80D+38_80D+38_80D+38_80D+38_NONE_NONE_NONE_NONE_1I+254+C_NONE																			581.0										
5D+34_NONE_NONE_81D+119_81D+119_81D+119_81D+119_NONE_1D+254_NONE																			445.0										
NONE_54D+65_54D+65_54D+65_NONE_NONE_NONE_NONE_NONE_NONE																			427.0										
80D+38_80D+38_80D+38_80D+38_NONE_NONE_NONE_NONE_NONE_NONE																			375.0										
NONE_NONE_NONE_NONE_5D+141_81D+170_81D+170_81D+170_81D+170_NONE																			372.0										
3D+35_27D+51_NONE_NONE_NONE_NONE_54D+199_54D+199_54D+199_NONE																			356.0										
1D+37_7D+63_27D+92_27D+92_NONE_NONE_NONE_NONE_NONE_NONE																			317.0										
5D+37_6D+57&1I+67+G_NONE_NONE_NONE_NONE_NONE_NONE_NONE_NONE																			315.0										
3D+37_39D+60_39D+60_9D+115_NONE_NONE_NONE_NONE_NONE_NONE																			299.0										
NONE_NONE_NONE_NONE_1I+145+A_81D+170_81D+170_81D+170_81D+170_NONE																			297.0										
30D+35_30D+35_NONE_NONE_NONE_NONE_NONE_NONE_NONE_NONE																			280.0										
NONE_NONE_NONE_NONE_33D+138_33D+138_54D+199_54D+199_54D+199_NONE																			270.0										
6D+36_5I+65+GAGCG_NONE_NONE_NONE_NONE_NONE_NONE_NONE_NONE																			260.0										
NONE_NONE_NONE_NONE_NONE_27D+174_27D+174_27D+229_27D+229_NONE																				535.0									
NONE_NONE_NONE_NONE_NONE_27D+174_27D+174_NONE_NONE_NONE																				445.0									
3D+35_NONE_NONE_NONE_NONE_27D+174_27D+174_27D+229_27D+229_NONE																				399.0									
1D+38_28D+41_NONE_NONE_2D+144_1D+172_54D+199_54D+199_54D+199_NONE																					299.0	266.0	248.0		198.0				
1D+38_28D+41_NONE_NONE_NONE_1I+173+C_54D+199_54D+199_54D+199_NONE																								383.0	253.0	213.0			
1D+38_28D+41_NONE_NONE_3D+145_NONE_54D+199_54D+199_54D+199_NONE																								340.0	202.0				
28D+38_28D+38_NONE_13I+120+GAGAGCATAGACA_NONE_NONE_NONE_NONE_NONE_NONE																											296.0		
1D+38_28D+41_NONE_NONE_NONE_1D+172_54D+199_54D+199_54D+199_NONE																											142.0		
5D+38_NONE_18D+85_7D+113_NONE_NONE_NONE_NONE_1D+254_NONE																												185.0	
NONE_NONE_NONE_NONE_NONE_NONE_61D+195_61D+195_61D+195_NONE																												129.0	
82D+38_82D+38_82D+38_82D+38_NONE_NONE_NONE_NONE_NONE_NONE																													115.0
3D+37_76I+66+TGTCGTGCAGTCGACTCCATGACAGCAGATACTGCTGTCGACTCCATACTGCATGATATCTCTGTCGACTCCATAG_NONE_NONE_2D+146_82D+172_82D+172_82D+172_82D+172_NONE																													95.0
1D+38_28D+41_NONE_NONE_NONE_4D+173_NONE_NONE_NONE_NONE																													81.0
