barcode	fish1_s3_rep1	fish1_s3_rep2	fish1_s3_rep3	fish1_s4_rep1	fish1_s4_rep2	fish1_s4_rep3	fish1_s5_rep1	fish1_s5_rep2	fish1_s5_rep3	fish1_s6_rep1	fish1_s6_rep2	fish1_s6_rep3	fish1_s7_rep1	fish1_s7_rep2	fish1_s7_rep3	fish1_s8_rep1	fish1_s8_rep2	fish1_s8_rep3	fish1_s9_rep1	fish1_s9_rep3	fish1_s10_rep1	fish1_s10_rep2	fish1_s10_rep3	fish1_s11_rep1	fish1_s11_rep2	fish1_s11_rep3	fish1_s12_rep1	fish1_s12_rep2	fish1_s12_rep3	fish10_s8_rep1	fish10_s8_rep2	fish10_s8_rep3	fish10_s9_rep1	fish10_s9_rep2	fish10_s9_rep3	fish10_s10_rep1	fish10_s10_rep2	fish10_s10_rep3	fish5_s3_rep1	fish5_s3_rep2	fish5_s3_rep3	fish5_s4_rep1	fish5_s4_rep2	fish5_s4_rep3	fish5_s5_rep1	fish5_s5_rep2	fish5_s5_rep3	fish5_s6_rep1	fish5_s6_rep2	fish5_s6_rep3	fish5_s7_rep1	fish5_s7_rep2	fish5_s7_rep3	fish5_s8_rep1	fish5_s8_rep2	fish5_s8_rep3	fish5_s9_rep1	fish5_s9_rep2	fish5_s9_rep3	fish5_s10_rep1	fish5_s10_rep2	fish5_s10_rep3	fish5_s11_rep1	fish5_s11_rep2	fish5_s11_rep3	fish5_s12_rep1	fish5_s12_rep2	fish5_s12_rep3	fishctrl3_s3_rep1	fishctrl3_s3_rep2	fishctrl3_s3_rep3	fishctrl3_s5_rep1	fishctrl3_s5_rep2	fishctrl3_s5_rep3	fishctrl3_s6_rep1	fishctrl3_s6_rep2	fishctrl3_s6_rep3	fishctrl3_s7_rep1	fishctrl3_s7_rep2	fishctrl3_s7_rep3	fishctrl3_s8_rep1	fishctrl3_s8_rep2	fishctrl3_s8_rep3	fishctrl3_s9_rep1	fishctrl3_s9_rep2	fishctrl3_s9_rep3	fishctrl3_s10_rep1	fishctrl3_s10_rep2	fishctrl3_s10_rep3
1D+38_28D+41_NONE_NONE_NONE_NONE_NONE_NONE_NONE_NONE	2434.0	5002.0	5296.0				1683.0	1175.0	474.0	1447.0	1260.0	1328.0	277.0	925.0	141.0	1515.0	1466.0	1005.0			920.0	792.0	886.0	674.0	616.0	758.0	771.0	1233.0	541.0																																																												
3D+37_76I+66+TGTCGTGCAGTCGACTCCATGACAGCAGATACTGCTGTCGACTCCATACTGCATGATATCTCTGTCGACTCCATAG_NONE_NONE_NONE_82D+172_82D+172_82D+172_82D+172_NONE	862.0	1062.0	1072.0				911.0	558.0	331.0	532.0	383.0	391.0	261.0	394.0	61.0	856.0	563.0	438.0			1004.0	871.0	834.0	1623.0	1426.0	1424.0	2031.0	1485.0	919.0																																																												
NONE_NONE_NONE_NONE_NONE_NONE_NONE_NONE_NONE_NONE	279.0	293.0	311.0	190.0	230.0	238.0	150.0	127.0	108.0										10931.0	1398.0							137.0	132.0		19947.0	29525.0	22279.0	76205.0	62199.0	75753.0	40870.0	40067.0	41196.0	1743.0	5144.0	5155.0	7148.0	7236.0	6838.0	1598.0	989.0	1689.0	3761.0	3600.0	4017.0	5960.0	5373.0	5478.0	1511.0	1257.0	2085.0	11424.0	10998.0	9057.0	2299.0	2932.0	3575.0	7457.0	14073.0	484.0	15576.0	13483.0	21991.0	36707.0	80882.0	81572.0	21206.0	20767.0	20444.0	65932.0	61682.0	77287.0	60974.0	110947.0	124126.0	38664.0	38443.0	48728.0	95728.0	78740.0	73143.0	86528.0	89510.0	71687.0
12D+34_12D+60_NONE_NONE_3D+143_84D+169_84D+169_84D+169_84D+169_NONE	268.0	542.0	529.0							118.0	128.0	128.0	45.0																																																																												
1D+38_28D+41_NONE_NONE_NONE_NONE_54D+199_54D+199_54D+199_NONE	104.0	230.0	266.0	438.0	879.0	707.0	15375.0	12906.0	7163.0	14801.0	14740.0	15424.0	6324.0	10476.0	5232.0	15964.0	14388.0	9168.0	378.0	1544.0	27600.0	28351.0	24147.0	26817.0	25598.0	22572.0	12690.0	12992.0	8997.0																																																												
12D+34_12D+60_NONE_NONE_NONE_NONE_NONE_NONE_NONE_NONE	40.0	220.0	313.0																																																																																						
1D+38_28D+41_NONE_NONE_NONE_NONE_NONE_NONE_1D+253_NONE	30.0		65.0													149.0											140.0	172.0	138.0																																																												
3I+38+TAT_8D+57_3D+90_9D+115_8D+143_1D+173_NONE_NONE_1D+253_NONE	28.0	128.0	126.0							132.0																																																																															
40D+18_NONE_NONE_2I+118+TT_1D+145_NONE_NONE_NONE_NONE_NONE		314.0	350.0																593.0																																																																						
3D+37_76I+66+TGTCGTGCAGTCGACTCCATGACAGCAGATACTGCTGTCGACTCCATACTGCATGATATCTCTGTCGACTCCATAG_NONE_NONE_3D+143_84D+169_84D+169_84D+169_84D+169_NONE		65.0	81.0																																																																																						
12D+34_12D+60_NONE_NONE_3D+143_NONE_NONE_NONE_NONE_NONE		52.0	62.0																																																																																						
3D+35_2I+67+CC_9D+90_1I+117+T&6S+109+TACTTC_1D+141&13D+144_11D+169_10D+186&8D+200_16D+227_2D+248&3I+254+TAG_NONE				637.0	545.0	422.0																																																																																			
14D+36_NONE_NONE_NONE_NONE_NONE_54D+199_54D+199_54D+199_NONE				529.0	461.0	342.0																																																																																			
3D+35_12D+60_NONE_55D+118_55D+118_55D+118_1I+199+A_NONE_2D+248_NONE				305.0	214.0	307.0																																																																																			
3D+35_12D+60_NONE_NONE_55D+146_55D+146_55D+146_NONE_2D+248_NONE				159.0	143.0	138.0																																																																																			
7D+33_NONE_NONE_NONE_NONE_NONE_76D+192_76D+192_76D+192_NONE				141.0	139.0	108.0																																																																																			
3D+37_NONE_NONE_2I+119+TC_3I+146+TGT_8D+163_NONE_NONE_2D+252_NONE				83.0		106.0																																																																																			
3D+37_16D+51_5I+91+ATGAT_NONE_1D+145_3D+169_NONE_NONE_12D+242_NONE				67.0																																																																																					
11I+38+TGGAGTATCAT_3I+65+GCG_NONE_NONE_NONE_82D+173_82D+173_82D+173_82D+173_NONE					74.0																																																																																				
7D+36_12D+60_NONE_1I+119+A&5D+121_19D+130_4S+169+CAGA_6D+195_1D+222&1I+229+T_8D+244_NONE					66.0		3837.0	2840.0	1414.0	2905.0	2659.0	2694.0	929.0	1736.0	606.0	3675.0	2588.0	1916.0		88.0	4580.0	4362.0	4453.0	4571.0	4603.0	3401.0	2757.0	3122.0	1921.0																																																												
12D+34_12D+60_NONE_NONE_NONE_NONE_54D+199_54D+199_54D+199_NONE							678.0	460.0	263.0	804.0	856.0	733.0	133.0	171.0	52.0	808.0	603.0	399.0			1368.0	2144.0	1039.0	1055.0	1100.0	1130.0	292.0	382.0	230.0																																																												
12D+34_12D+60_NONE_NONE_3D+143_NONE_54D+199_54D+199_54D+199_NONE							272.0	137.0	68.0	276.0	302.0	249.0				282.0	192.0	148.0			456.0	845.0	353.0	329.0	411.0	451.0																																																															
12D+34_12D+60_NONE_1I+119+A&5D+121_19D+130_4S+169+CAGA_6D+195_1D+222&1I+229+T_8D+244_NONE							202.0	151.0	64.0	193.0	169.0	145.0				287.0	165.0	128.0			304.0	421.0	238.0	226.0	231.0	227.0		124.0																																																													
87D+35_87D+35_87D+35_87D+35_NONE_NONE_NONE_NONE_NONE_NONE									89.0										670.0									326.0																																																													
1D+38_28D+41_NONE_NONE_2D+144_NONE_54D+199_54D+199_54D+199_NONE										293.0	200.0	124.0	95.0	279.0		406.0	212.0	89.0			308.0	297.0	473.0	651.0	537.0	483.0	389.0	243.0	97.0																																																												
1D+38_28D+41_NONE_NONE_NONE_1D+173_54D+199_54D+199_54D+199_NONE										210.0	348.0	264.0									260.0			442.0	311.0	180.0	175.0		108.0																																																												
1D+38_28D+41_NONE_NONE_6D+138_NONE_54D+199_54D+199_54D+199_NONE											134.0																																																																														
84D+34_84D+34_84D+34_84D+34_NONE_NONE_1I+199+A_NONE_NONE_NONE												176.0							352.0																																																																						
1D+38_28D+41_NONE_NONE_1D+146_NONE_54D+199_54D+199_54D+199_NONE												163.0					201.0					314.0																																																																			
1D+38_28D+41_NONE_NONE_NONE_6D+167_54D+199_54D+199_54D+199_NONE													84.0	189.0		140.0					443.0	289.0	434.0	225.0																																																																	
1D+38_28D+41_NONE_NONE_NONE_3D+172_54D+199_54D+199_54D+199_NONE													69.0		52.0						271.0		193.0																																																																		
1D+38_28D+41_NONE_NONE_NONE_2D+171_54D+199_54D+199_54D+199_NONE														174.0												271.0																																																															
6D+32_NONE_NONE_NONE_NONE_NONE_NONE_NONE_1I+254+C_NONE														76.0																																																																											
1D+38_28D+41_NONE_NONE_1D+145_NONE_54D+199_54D+199_54D+199_NONE															43.0												127.0	203.0																																																													
1D+38_28D+41_NONE_NONE_NONE_6D+171_54D+199_54D+199_54D+199_NONE															40.0								189.0					312.0																																																													
84D+37_84D+37_84D+37_84D+37_2D+144_NONE_NONE_NONE_1D+253_NONE																			1872.0																																																																						
12D+34_3D+62_NONE_2D+118_NONE_NONE_54D+199_54D+199_54D+199_NONE																			743.0																																																																						
NONE_NONE_3D+90_NONE_NONE_NONE_NONE_NONE_NONE_NONE																			681.0																																																																						
54D+36_54D+36_54D+36_NONE_NONE_NONE_6D+195_NONE_NONE_NONE																			631.0																																																																						
80D+38_80D+38_80D+38_80D+38_NONE_NONE_NONE_NONE_1I+254+C_NONE																			581.0																																																																						
5D+34_NONE_NONE_81D+119_81D+119_81D+119_81D+119_NONE_1D+254_NONE																			445.0																																																																						
NONE_54D+65_54D+65_54D+65_NONE_NONE_NONE_NONE_NONE_NONE																			427.0																																																																						
80D+38_80D+38_80D+38_80D+38_NONE_NONE_NONE_NONE_NONE_NONE																			375.0																																																																						
NONE_NONE_NONE_NONE_5D+141_81D+170_81D+170_81D+170_81D+170_NONE																			372.0																																																																						
3D+35_27D+51_NONE_NONE_NONE_NONE_54D+199_54D+199_54D+199_NONE																			356.0																																																																						
1D+37_7D+63_27D+92_27D+92_NONE_NONE_NONE_NONE_NONE_NONE																			317.0																																																																						
5D+37_6D+57&1I+67+G_NONE_NONE_NONE_NONE_NONE_NONE_NONE_NONE																			315.0																																																																						
3D+37_39D+60_39D+60_9D+115_NONE_NONE_NONE_NONE_NONE_NONE																			299.0																																																																						
NONE_NONE_NONE_NONE_1I+145+A_81D+170_81D+170_81D+170_81D+170_NONE																			297.0																																																																						
30D+35_30D+35_NONE_NONE_NONE_NONE_NONE_NONE_NONE_NONE																			280.0																																																																						
NONE_NONE_NONE_NONE_33D+138_33D+138_54D+199_54D+199_54D+199_NONE																			270.0																																																																						
6D+36_5I+65+GAGCG_NONE_NONE_NONE_NONE_NONE_NONE_NONE_NONE																			260.0																																																																						
NONE_NONE_NONE_NONE_NONE_27D+174_27D+174_27D+229_27D+229_NONE																				535.0																																																																					
NONE_NONE_NONE_NONE_NONE_27D+174_27D+174_NONE_NONE_NONE																				445.0																																																																					
3D+35_NONE_NONE_NONE_NONE_27D+174_27D+174_27D+229_27D+229_NONE																				399.0																																																																					
1D+38_28D+41_NONE_NONE_2D+144_1D+172_54D+199_54D+199_54D+199_NONE																					299.0	266.0	248.0		198.0																																																																
1D+38_28D+41_NONE_NONE_NONE_1I+173+C_54D+199_54D+199_54D+199_NONE																								383.0	253.0	213.0																																																															
1D+38_28D+41_NONE_NONE_3D+145_NONE_54D+199_54D+199_54D+199_NONE																								340.0	202.0																																																																
28D+38_28D+38_NONE_13I+120+GAGAGCATAGACA_NONE_NONE_NONE_NONE_NONE_NONE																											296.0																																																														
1D+38_28D+41_NONE_NONE_NONE_1D+172_54D+199_54D+199_54D+199_NONE																											142.0																																																														
5D+38_NONE_18D+85_7D+113_NONE_NONE_NONE_NONE_1D+254_NONE																												185.0																																																													
NONE_NONE_NONE_NONE_NONE_NONE_61D+195_61D+195_61D+195_NONE																												129.0																																																													
82D+38_82D+38_82D+38_82D+38_NONE_NONE_NONE_NONE_NONE_NONE																													115.0																																																												
3D+37_76I+66+TGTCGTGCAGTCGACTCCATGACAGCAGATACTGCTGTCGACTCCATACTGCATGATATCTCTGTCGACTCCATAG_NONE_NONE_2D+146_82D+172_82D+172_82D+172_82D+172_NONE																													95.0																																																												
1D+38_28D+41_NONE_NONE_NONE_4D+173_NONE_NONE_NONE_NONE																													81.0																																																												
NONE_NONE_NONE_NONE_NONE_NONE_NONE_NONE_1D+254_NONE																														3839.0	4700.0	3820.0	14438.0	11225.0	14559.0	7595.0	6745.0	8224.0																																																			
18D+35_NONE_NONE_NONE_53D+146_53D+146_53D+146_NONE_10D+251_NONE																															220.0																																																										
11I+38+TGGAGTATCAT_5S+60+CACAT_NONE_55D+118_55D+118_55D+118_1I+199+A_NONE_2D+248_NONE																																191.0																																																									
87D+36_87D+36_87D+36_87D+36_NONE_NONE_NONE_NONE_NONE_NONE																																					718.0																																																				
17I+38+GTACATCGAGTGTATGC_28D+65_28D+65_NONE_4D+141_NONE_54D+199_54D+199_54D+199_NONE																																					384.0																																																				
1D+38_1D+64_NONE_NONE_NONE_NONE_NONE_NONE_NONE_NONE																																							527.0	791.0	810.0	1785.0	977.0	990.0	337.0	212.0	274.0	372.0	437.0	489.0	1435.0	1372.0	1313.0	393.0	203.0	382.0	1648.0	1780.0	1420.0	156.0	119.0	171.0																											
NONE_2D+62_NONE_NONE_NONE_87D+167_87D+167_87D+167_87D+167_NONE																																							213.0	291.0	325.0	6894.0	4934.0	4924.0	6586.0	4487.0	6753.0	9608.0	11076.0	10925.0	10949.0	10002.0	9843.0	6461.0	5004.0	7877.0	5714.0	5924.0	5431.0	5481.0	5778.0	6647.0	2609.0	4189.0	3217.0	5636.0	5753.0	9204.0																					
54D+36_54D+36_54D+36_NONE_NONE_NONE_NONE_NONE_NONE_NONE																																							138.0	257.0	261.0	6073.0	5261.0	4259.0	5757.0	2962.0	5784.0	9277.0	9820.0	9837.0	12534.0	10526.0	11509.0	4823.0	3758.0	6560.0	7972.0	8667.0	8433.0	4385.0	4263.0	5776.0	1331.0	2542.0	804.0	3354.0	3364.0	5350.0																					
NONE_2D+62_NONE_NONE_NONE_NONE_NONE_NONE_NONE_NONE																																							121.0	333.0	295.0			143.0	213.0	115.0	178.0	464.0	394.0	435.0	469.0	294.0	358.0	107.0	88.0	181.0	305.0	356.0	216.0	105.0	140.0	201.0						525.0																					
162D+37_162D+37_162D+37_162D+37_162D+37_162D+37_162D+37_NONE_7D+244_NONE																																							54.0																																																		
NONE_NONE_NONE_NONE_108D+142_108D+142_108D+142_108D+142_108D+142_NONE																																							41.0	75.0	56.0																																																
1D+38_NONE_NONE_NONE_NONE_6D+167_NONE_NONE_NONE_NONE																																							31.0	208.0	212.0	212.0	394.0	158.0	117.0	86.0		192.0	231.0	222.0	528.0	379.0	502.0	128.0	82.0	185.0	1031.0	964.0	910.0	319.0	191.0	424.0	267.0	589.0		461.0	503.0	1041.0																					
NONE_NONE_NONE_NONE_NONE_NONE_NONE_NONE_34D+232_NONE																																							26.0																																																		
3D+37_NONE_NONE_NONE_NONE_89D+168_89D+168_89D+168_89D+168_NONE																																							23.0																																																		
3D+37_NONE_NONE_NONE_NONE_NONE_NONE_NONE_NONE_NONE																																									45.0																																																
5D+33_3D+64_NONE_NONE_1D+146_NONE_54D+199_54D+199_54D+199_NONE																																										589.0	385.0	291.0	530.0	369.0	494.0	678.0	888.0	814.0	1494.0	1016.0	1133.0	654.0	357.0	793.0	920.0	836.0	755.0	282.0	491.0	531.0					339.0																						
NONE_NONE_NONE_NONE_NONE_82D+172_82D+172_82D+172_82D+172_NONE																																										297.0	287.0	379.0	378.0	260.0	279.0	810.0	673.0	609.0	887.0	802.0	899.0	483.0	351.0	661.0	653.0	838.0	572.0	256.0	222.0	403.0																											
NONE_NONE_NONE_NONE_NONE_80D+174_80D+174_80D+174_80D+174_NONE																																											197.0																																														
3D+35_NONE_NONE_NONE_27D+143_27D+143_54D+199_54D+199_54D+199_NONE																																											127.0																																														
NONE_NONE_NONE_NONE_53D+146_53D+146_53D+146_NONE_2I+254+CT_NONE																																											123.0																																														
12D+34_50D+63_50D+63_NONE_1I+145+A_NONE_NONE_NONE_NONE_NONE																																												229.0																																													
4D+32&6I+40+CCTATC_6D+59_NONE_NONE_1D+145_3D+169_59D+200_59D+200_59D+200_NONE																																												152.0																																													
NONE_54D+65_54D+65_54D+65_NONE_NONE_NONE_35D+222_35D+222_NONE																																													177.0	110.0	192.0	436.0	410.0	410.0	496.0	381.0	381.0	323.0	252.0	323.0	450.0	425.0	456.0	154.0	145.0	258.0																											
54D+36_54D+36_54D+36_NONE_NONE_NONE_NONE_NONE_1D+254_NONE																																														80.0	95.0	301.0	396.0	338.0	412.0	390.0	481.0	320.0	194.0	252.0	469.0	303.0	526.0	131.0	250.0	296.0				248.0																							
NONE_NONE_NONE_NONE_NONE_89D+168_89D+168_89D+168_89D+168_NONE																																																153.0																																									
54D+36_54D+36_54D+36_NONE_NONE_NONE_NONE_NONE_7D+244_NONE																																																150.0																																									
NONE_NONE_NONE_81D+120_81D+120_81D+120_81D+120_NONE_NONE_NONE																																																						104.0																																			
54D+36_54D+36_54D+36_NONE_1I+145+A_NONE_NONE_NONE_NONE_NONE																																																														183.0																											
3D+35_81D+61_81D+61_81D+61_81D+61_NONE_NONE_NONE_NONE_NONE																																																															157.0	416.0	268.0																								
2D+36_81D+61_81D+61_81D+61_81D+61_1D+172_NONE_NONE_NONE_NONE																																																																498.0																									
NONE_81D+61_81D+61_81D+61_81D+61_NONE_NONE_NONE_NONE_NONE																																																																				387.0																					
NONE_NONE_NONE_NONE_66D+133_66D+133_66D+133_NONE_1I+254+C_NONE																																																																								279.0																	
NONE_NONE_NONE_NONE_32D+136_NONE_55D+199_55D+199_55D+199_NONE																																																																								207.0	640.0																
5D+34_NONE_NONE_NONE_NONE_81D+170_81D+170_81D+170_81D+170_NONE																																																																								175.0																	
NONE_NONE_NONE_81D+119_81D+119_81D+119_81D+119_NONE_1D+254_NONE																																																																								172.0																	
8D+38_3I+61+TCA_NONE_2I+115+GA_NONE_3D+172_54D+199_54D+199_54D+199_NONE																																																																								168.0																	
NONE_NONE_NONE_NONE_NONE_1D+172_54D+199_54D+199_54D+199_NONE																																																																									406.0																
NONE_NONE_NONE_31D+105_3D+144_4I+169+CGTA&2D+174_9D+197_13D+212&1I+229+T_4D+250_NONE																																																																									236.0																
NONE_NONE_NONE_NONE_53D+146_53D+146_53D+146_NONE_3I+250+AGT_NONE																																																																									176.0																
NONE_NONE_NONE_81D+119_81D+119_81D+119_81D+119_NONE_1I+254+C_NONE																																																																									139.0																
NONE_NONE_NONE_NONE_3D+144_83D+171_83D+171_83D+171_83D+171_NONE																																																																										123.0															
3D+35_NONE_NONE_NONE_NONE_NONE_54D+199_54D+199_54D+199_NONE																																																																											1034.0														
1D+38_NONE_NONE_NONE_NONE_NONE_NONE_NONE_NONE_NONE																																																																											426.0														
8D+38_57D+60_57D+60_57D+60_NONE_3D+167_NONE_NONE_1I+254+C_NONE																																																																													411.0												
